id,label
5281959998,The New York Times
1201254226656073,Nick Corasaniti
181293762220802,Dan Barry
376799239137666,Vanessa Friedman
1545690368981813,Video From The New York Times
161972884003991,Sheri Fink
1002391179791389,The New York Times Books
993603507345855,The New York Times Styles
689907071131476,NYT Politics
1453472561556218,The Upshot
105307012882667,The New York Times - Science
306734542859279,Jon Pareles
181548405298864,The New York Times - Well - Health
149362828429131,CJ Chivers
153491058028703,The New York Times Food
176999952314969,The New York Times Opinion Section
173455642668373,Dealbook
340711315527,NYT Watching
123334484346296,The New York Times - Theater
314077407675,The New York Times - The Learning Network
135183981456,The New York Times - Travel Show
98934992430,The New York Times - Lens - Photography
90726807687,The New York Times - TimesTalks
71998012017,Roger Cohen
8254939527,The New York Times - Modern Love
120372675203,Gail Collins
60870934988,Charles M. Blow
1606969219532748,New York Today
39772141339,Mark Bittman
142271415829971,The New York Times - Travel
5518834980,T: The New York Times Style Magazine
9351577890,Nicholas Kristof
171739822858751,Lyceum Agency
199933063689393,InquireFirst
38234604057,PEN America
389573187852,CommonReads
21557622350,NYPL The New York Public Library
29589997195,NOVA l PBS
54971236771,NASA - National Aeronautics and Space Administration
117824668230022,NASA's Spitzer Space Telescope
29092950651,TED
7720276612,Neil deGrasse Tyson
17300420037,Carl Zimmer
140998521533,Brown University
232532740131296,NOAA NWS Space Weather Prediction Center
205587662814254,Current Biology
22934684677,The Big Bang Theory
398017433603400,NASA's Cassini Mission to Saturn
189527004401568,US National Weather Service Norman Oklahoma
118107518236480,NASA Sun Science
118399218208571,Kepler and K2 Missions
30037047899,National Science Foundation (NSF)
79046291175,SEED MAGAZINE
35695491869,Science News Magazine
23497828950,National Geographic
43331696829,National Institutes of Health (NIH)
37821612018,Discovery Life Channel
10867667494,ESO Astronomy
22534272968,National Radio Astronomy Observatory (NRAO)
48206282842,Shedd Aquarium
55051907951,APS Physics
57270780163,Physics Today
114648515718,U.S. Department of Defense (DoD)
60342206410,Popular Science
19440638720,WIRED
6115848166,Nature
108196582538810,Science
110938085622842,NASA’s Curiosity Mars Rover
22297920245,Scientific American
256321580087,ScienceBlogs
47849178041,Phys.org
10862798402,Science Friday
111553948865121,World Science Festival
19356432310,California Academy of Sciences
22202087272,The Field Museum
100864590107,News from Science
96191425588,Science
13259856990,American Museum of Natural History
130399966974966,Recipes for Health
113227068700680,Gabrielle's Angel Foundation for Cancer Research
9468524547,Georgetown Club of Metropolitan Washington D.C.
285584154813543,The Military Philosopher
671284289559618,Society for Threatened Peoples
127217607307888,Gildia.pl Fantastyczny Portal Kulturalny
222122064589464,Free James Foley
107506059384882,Mediterranean Vegetarian Feasts
1569421590004076,Julia Moskin
789898667696109,Melissa Clark
111065157857,The Pioneer Woman - Ree Drummond
96060366743,Michelin
468637585612,Spoon Fed by Kim Severson
111376838888644,Eater
32864016288,Martha Stewart
109475162404985,James Beard Foundation
103708343001773,Alfred Portale
201755557239,James Beard Foundation
352709974289,Chef Daniel Boulud
233778186637566,David Chang
249373750432,Vegetarian Times
98498138269,L.A. Times Food
153612958024275,Bobby Flay
439155026110104,Ina Garten
194421780617356,Sprouted Kitchen
29391460826,101 Cookbooks
19711808736,smitten kitchen
10053803772,Cooking Light
37940325366,Bon Appétit Magazine
110668125657816,Melina Hammer Photography
392423020864083,The Dogwood
474377255996484,Delaware and Hudson
263655880367185,The Bronx Beer Hall
390326921005999,Lumpia Shack
1469378733297896,Russ and Daughters Cafe
287725274716637,The Gander NYC
186176348138047,Zucker Bakery
47650308975,OpenTable
531497260269134,Houdini Kitchen Laboratory
343613632440654,Flinders Lane
127766813923573,Culinary Historians of Southern California
671564519568669,Spicy Lanka
536188759734322,Khao Man Gai NY
125021594181242,El Quinto Pino NYC
186291001567968,Rosette NYC
539319112818406,El Rey Coffee Bar and Luncheonette
96028256183,Your Best Life with The Washington Post
12770210203,Epicurious
168926019255,Serious Eats
59790658571,The Art of Eating
62812941140,Midtown Lunch
106272216103254,The Essential New York Times Cookbook
133148554015,Food52
17786732025,Food & Wine
333730193484,Eatocracy
125533325520,SAVEUR  Magazine
152701354761418,Steven Rattner
232843448409,Ezra Klein
106140929416365,Thomas Friedman
67955079694,Bill Pennington
110092350139,Andy Newman
211934390170,Andrew Ross Sorkin
59161656653,Andrew Revkin
66459568171,Harvard Business School
242500958501,"Waiting for """"Superman"""""
77922840249,Steve Nash
7401700249,Bruce Springsteen
216311481960,Bill Gates
101925766514531,Edward Norton
133236186703780,Haruki Murakami
7670069196,Fox Searchlight Pictures
138645369485522,TIFF
92320479952,The Town
366800351160,The Hechinger Report
242149255886644,Share My Lesson
147180306144,The OpEd Project
68729729476,National History Day
24425672689,Museum of the City of New York
40449345976,Girls Write Now
118947824870542,WAN-IFRA
5887538795,Education Week
120364577581,National Science Teachers Association
38723076079,WNYC Radio
16534314739,Facing History and Ourselves
220350757447,Teaching Matters
18586933445,Teaching Tolerance
103921782727,Atlas Obscura
6193904573,Smithsonian
46940713250,Smithsonian Education
77732770566,Math for America
33796084659,Poetry Foundation & Poetry Magazine
8544515249,Brooklyn Public Library
108189409203207,The New York Times Upfront
107127577992,Scholastic Art & Writing Awards
198854705109,Scholastic Teachers
9258148868,The New Yorker
10643211755,NPR
271492186195710,Digital Public Library of America
93919173707,WeAreTeachers
107964242558848,The New York Times International Edition
928990470531081,Letters to the Next President 2.0
137747619606052,Teaching Channel
1026583557366439,The School of The New York Times
234129303417,Information Is Beautiful
55555550744,Brain Pickings
203906229622591,TED-Ed
143782868990974,MindShift
286008498125004,Vocabulary.com
109589085916,The New York Times Store
230891537029840,The New York Times Crossword Puzzle
104128669623294,The New York Times Book Review
109184362434201,The New York Times Magazine
82295304916,Edutopia
70531357576,Newseum
354862581256350,KQED Education
446898408655326,WNYC's Radio Rookies
180384458088,National Council for the Social Studies
126582340034,National Writing Project
89398372453,National Council of Teachers of English
12301163417,Visual Thinking Strategies
8646783651,Rob Walker
91125347794,CheapCaribbean.com
706182586183668,Turo
222271524135,Visit York
216319111729147,Samarkand Bukhara Travel
30723248618,Daytona Beach Area Convention and Visitors Bureau
57027780043,LivItaly Tours
103155091022,New York Stock Exchange
50446138018,BizBash
112717032073158,Sam Sifton
109397902411965,British Virgin Islands
111961278865814,Guana Island (BVI)
37469599796,Tasting Table
165713693455827,EdenEats
112671502093586,Patricia Wells
393354234051968,Candice Kumai
206392696089343,Anne Burrell
289001591174578,Karen Rubin
128856866742,Mr. Dad
742851662396348,Su-Tours.com
315821605205043,Suitcase on the sofa
16852391617,Tripfilms
158259371219,ANSA.it
117305311632655,Anguilla Beaches
92239399265,The Epoch Times
66194422560,Edible Manhattan
214940105520,Teleaire Multimedia
113304552013942,JAX FAX Travel Marketing Magazine
6874658737,Julia Coney Lifestyle
111818435526969,Macaroni Kid National
124763597543878,TrekWorld
121936554511046,Trunk Magazine
9676815399,Working Mother Magazine
122325156660,Visit Portugal
227407353941894,The Trip Witch
21181017537,Westchester Magazine
22426379899,Workman Publishing
131702253544780,The Golfer Magazine
97154901587,Find. Eat. Drink.
48704475279,StarChefs
252006307122,Queens Mamas
93163776423,Organic Spa Magazine
269378069861542,The Ageless Traveler
126247508668,Inside Chappaqua and Inside Armonk Magazines
204720826215062,Jewish Voice
335762859770184,Essential Homme
138957966114757,Aprendiz de Viajante
151524404901136,Battered Suitcase
111786992243065,Locationless Living
146409052038984,FASHIONISTACAFE.com: Networking for creative professionals
172134212818708,"Bader Media Group LLC"
240663472658729,The South Asian Times
205300392847183,Beauty in New York City Blog
397841230989,BoardingArea
123963360928,SiriusXM Radio
295620888015,Luxury Experience
26120766682,Traveling Mom
62669973528,Russia Beyond
77134191771,The Frugal Socialite
60567011104,BeautyNewsNYC.com
10150114687695646,FilmFestivalTraveler.com
68719056521,Southern Boating Magazine
187311067989890,Atlantic Cruising Club's Guides to Marinas
17471704455,New York Family
233190586705025,NY Parenting
206621069362038,axs
402223743713,The Expeditioner
294885073912733,Brooklyn Eagle
16958927346,Out Traveler
387990201279405,World of Wanderlust
56791664427,Dancing Hotdogs
312031042187,Energy Times
75834228712,Long Island Pulse Magazine
133744470102842,Travel Addicts
250916851682656,Somewhere Or Bust
129390320453298,Downtown Traveler
52402386922,Wine Enthusiast
207288259311834,The Travel Word
194841077263205,Jessie on a Journey
116182761738456,Socially Superlative
282287321783604,Walks of New York
238748516150130,The Sports Network
112855318670,We Blog The World
336855383111504,Midlife at the Oasis
123871694347668,Kirsten Alana Photography
170029273013714,Lee Abbamonte
270317923065675,Event And The City // New York Event Company
502549969775939,True Nomads
375611902544600,We Travel And Blog
284787881652900,Wilfys.com
207114066110290,Seadreams Excursions
164033430319732,Wizard Florianópolis
122280771152561,Gowanus Print Lab
495823133792759,Road Warrior Travel Adapter
470597903058903,Postcard To Home
129982540363341,CiCi Li
109215622029,"Valerie Wilson Travel Inc"
211283728933340,Treksplorer
137883459615766,Porthole Cruise Magazine
288766184584961,Mapping Megan
13357499221,The Washington Blade
377347152334475,Gala Travels
8356493537,Magazines.com
88679909824,ShermansTravel
25348768148,Metropolis Magazine
120358587979707,Virtuoso Travel
411399412240351,Taste&TravelMagazine
231850205472,explore
68989932198,AFAR
99278830776,Aspen Peak Magazine
222149971137480,SoloMate Travel
197291367068903,Borneo Eco Tours
164977296972,Visit California
207642735920856,GiroVai.com
107851865922984,Himalayan Glacier
53213185085,Alaska Wildland Adventures
40359481081,Lapa Rios Ecolodge
65280315126,See Monterey
191335504231236,Ministério do Turismo
8851499887,MagicalKenya
122014561159744,USTOA
32687649771,The International Ecotourism Society (TIES)
184943371545358,ASTA  (American Society of Travel Agents)
104614602936269,Travel Market Report
159403720818880,OffMetro CA
198893331987,OffMetro NY
70559617573,Family Travel Forum
109966203367,National Association of Railroad Passengers
20480307504,IGLTA
128821617182031,Caribbean Travel
135980043103330,CHTA Education Foundation
187031748014599,Bespoke Magazine
140243216035364,Dehouche Luxury Travel
152505278121372,Sally and Alice Travel Co.
317602024376,Adventure Temples
275850955863371,Women on a Mission Singapore
179336875428371,Whywander.com
48958576760,USA TODAY 10Best
73391598616,Big Bear Visitors Bureau
72692381792,Best Single Travel
128867540208,The Florida Keys & Key West
114631321881517,Forever Resorts
97960332449,Goway Travel
116847218327256,Mono County Tourism - California's Eastern Sierra
29223621994,Papua New Guinea
94078717394,Mammoth Mountain
19295569978,Discover Moab
190302430980899,Zion National Park
91624989857,Yosemite
24662241754,HotelChatter
47127764082,Jaunted
73724001733,VegasChatter
6806028948,Southwest Airlines
7003656077,American Airlines
5832584410,Virgin America
88775058107,American Hiking Society
113127402046919,Palace Tours
159093078822,Tourism Authority of Thailand NA
241702727253,Tourism Malaysia
9062006483,REI
27102961403,Los Angeles
97974637337,Visit Anaheim
6317643737,Peter Greenberg
231099585141,Visit Long Beach
56217094580,Visit St. Pete/Clearwater
100612992715,Visit Palm Springs
52744742043,Aruba
30020829904,Cultural Tourism DC
9679476140,Globe Trekker
12248980428,Outside Magazine
106905165970,Aspen Chamber Resort Association
9411224013,Amtrak
98963290676,Visit London
103509416013,Los Angeles Magazine
129111627108944,APTA Midwest Chapter
136941433002923,Budget Travel Magazine
56974772154,Frontiers North Adventures
206467326036429,Native American Tourism of Wisconsin (NATOW)
106081529459514,Senegal Tourist Office
112173338805484,FlySAA USA
56254158646,Tullymore Golf Resort
111001386235,SWS Mountain Guides
117914784831,The Village Experience
125452924183448,Tourism Fiji
151572901547924,VBT Bicycling and Walking Vacations
68359233832,VISIT Milwaukee
228735667216,BBC News
133536249999517,BBC Travel
27566611155,Lonely Planet
21053246992,MapQuest
115535341805950,USA TODAY Travel
200409526638449,Johnny Jet
87105007986,SITA World Tours
21317493981,Condé Nast Traveler
168477116526532,Go! Girl Guides
199504650087085,United
89582998504,Hawaiian Airlines
6352578678,Singapore Airlines
105014211842,JetBlue
134146296633274,Air Canada
8662337685,Qantas
11071120908,Australia.com
107854112590930,GloboTreks
24470421669,BICYCLING magazine
345292292099,Go Visit Hawaii
126302605652,Discover Atlanta
110189285908,Native Foods
22727908123,Georgia Aquarium
11042814066,Nomadic Matt
192591627449618,California Travel Association (CalTravel)
35974999393,Matador Network
236892755192,andBeyond Travel
56995920220,Adventures Within Reach
39166556109,ZARA Tanzania Adventures
129201322063,Yosemite Nation
274020978895,Welk Resorts
151289648254464,Visit Santa Ynez Valley
127966830064,Visit Sacramento
40077886999,The Redwoods In Yosemite
104440286255060,Papua New Guinea
10150092197055471,Belize Hotel Association
66499758370,Best Western Hotels & Resorts
81446081972,Big Bear Lake - BigBear.com
158293719030,Catalina Island Chamber of Commerce
161510468901,Visit Cayman Islands
136831553023063,Visit Cedar City
293942641319,chinatour.com
34500864918,Gogo
13834115359,VisitJamaica
124628376541,Visit Japan
125807797443773,Travel Juneau
197827662799,Katika Africa Private Safaris
194680590613711,Kenai Peninsula Tourism Marketing Council
103247876055,CARES - Kids Fly Safe Airplane Safety Harness
138325459526965,Alaska Shore Excursions
38513990346,Macau.com
102051836512495,Town of Mammoth Lakes
146942886903,Visit Maui
217503484930725,Via AirCruise
115956613350,I Love Memphis
39415695751,Vagabondish.com
372528193712,Xanterra Parks & Resorts
95789474983,Grand Canyon Railway & Hotel
115972731765525,Ventura Beach Marriott
282946438438363,Island Packers
5953023255,Chicago Tribune
68491249493,SmarterTravel
189563577751651,Sea World San Antonio
63617892564,SeaWorld
158383070883316,The Jet Set Pets
97461606856,AAA
91558969307,Global Scavenger Hunt
395380343812861,The He Said She Said Experience
230385963717986,Ever In Transit
1573234602931489,Visit Maine
179877846431,Andrew Zimmern
109508573822,United States Virgin Islands
357819697659156,Ministry of Tourism Government of India
358312417583963,KERB
195410557144806,Conscious Magazine
8219865871,Brightest Young Things
128428270543780,staydu
361498843949584,Latitude 34 - Travel Blog
139358969466879,The Artful Eater
11473432254,Cool Hunting
8526842181,TripIt
126582017411203,FACT Qatar Magazine
133586306534,Oasis Magazine
123568580987335,Brownbook Magazine
256399545643,Intrepid Travel
8912780459,Indie Travel Podcast
118778271823,Off Track Planet
131374991237,VisitKorea - Toronto Office
190899747688631,Spector Travel - Africa Travel
173939143666,TopDocs
136304936408107,Health and Fitness Travel
194696446004,STA Travel
23910114576,STA Travel
11409046607,STA Travel
7826953993,SXSW
6169711698,StudentUniverse
123594077779429,Travel and Leisure
123032162727,Orbitz
64067037679,Expedia
83669531845,Travelocity
505922136116329,Mastercard
58339527980,Visit The USA
14226545351,Red Bull
6654472378,STA Travel
177983239019700,Gay International Travel
42430188985,Gay Travel
64947276753,Instinct Magazine
33949959457,Passport Magazine
121964464536400,Caryl Chinn Culinary Consulting
135006496544064,See Puerto Rico
105294342845050,Society of American Travel Writers SATW
11604338781,Newfoundland & Labrador Tourism
123185754376465,The Points Guy
12449804482,Gate 1 Travel
406545029378301,Love South Africa
133060876733790,Josh Gates
267208080027128,Andrew McCarthy
97498021385,Global Traveler
157673064274811,Visit Peru
111083639108,Bermuda Tourism
328134627232313,Convention Photography USA
76600342106,Caribbean Tourism Organization
159718869807,The Boston Globe Travel Show
13881287428,Nasdaq
83469258213,Rhino Africa
243348372382940,Samantha Brown
156703381062740,Mexico Tourism Board Los Angeles
180222734920,Susan Van Allen's Italy
43394094549,Man v. Food Nation
130951572913,Travel Beyond
216906001665,Rothschild Safaris
134969514604,Tanzania Tourist Board
106181099413158,"1000 Places to See Before You Die"
166905460021856,Man V.S Food
120575041361708,Adam Richman
132510385387,Visit Brasil
203952784866,The Roaming Boomers Travel Services
144730952299927,Eatinerari del Gusto for Eataly
150557278349672,Atta - African Travel & Tourism Association
49338439823,British Virgin Islands
58559231501,Skip Barber Racing School
213934477785,World Travel List
93573742367,Where New York
312424259859,BARBUTO
59699097994,Chef David Burke
127426714005407,Little Owl
20372413613,New York Marriott Marquis
76987199907,Curacao
125649467451991,Papua New Guinea Tourism - North America
266645466733499,Times Journeys
25761832136,Rough Guides
117954511569389,Famtripper
112017302146707,Kittatinny Canoes
155273821174084,Javits Center
8225136001,G Adventures
116549046074,Eyes on Africa
54265089285,Explore
115995514147,Divi Resorts
324335447580136,Find Your Everest
137330428222,Cunard
149134105144999,Crown Maple Syrup
99382526928,Croatia Full of life
121497171230415,Visit Costa Rica - The Costa Rica Tourism Board
198285270144,Cliffrose Lodge & Gardens
170239876369800,China National Tourist Office Toronto
93884015912,GoNOMAD.com Travel
92998025878,Celebrity Cruises
130861766934592,Blount Small Ship Adventures
105029386685,Belize Vacation
182092075144688,Baltic Balkan Group
191979232143,Azamara Club Cruises
50408313373,Avalon Waterways
11734549978,Attitash Ski Resort
47808277279,Do Atlantic City
195091258523,Aspire Down Under
13709844962,ATJ
129918700359328,American Express OPEN
115420295199789,All Discovery Cruising
144517698936248,Alaskan Dream Cruises
146715228725571,Latitude Alaska
25142497004,ALASKA
125747337439637,Air Malta
17847686393,Exodus Travels
274399593004,Access Asia Tours
11081890741,Disneyland
373216315044,Friendly Planet Travel
229125627120605,Hotels in India
107185055990011,Perceptive Travel
103257143091436,Cruise Planners - Aron Arias and Caryn Berla (www.familycruising.net)
110718562307387,Travel Talk on Twitter
17284924915,IN New York Magazine
161570827288,NACTA: The National Association of Career Travel Agents
103438133044747,International Gay and Lesbian Travel Association
130046717009497,Caribbean Hotel & Tourism Association
92120452544,Africa Travel Association
175660281349,Adventure Travel Trade Association
102178198079,Vacationagent.net
350583836977,Visit South Africa
115589218473188,Agent@Home magazine
181507858187,TravelPulse
68418678435,Adventure Society
122562921142247,Happy Cow Productions
162045410483521,African Safari Consultants
240100639386152,Mastering the Art of Travel Photography
87618109286,Wanderlust and Lipstick
61876535793,VISIT FLORIDA
126364137401604,Go Turkey
120644094631897,South African Tourism AU
6185812851,American Express
129527840422435,Pacific Asia Travel Association
165706732899,Greek Peak Mountain Resort
97341453422,APTA: Association for the Promotion of Tourism to Africa
170495263009764,Africa Travel Association
13657467855,Cactus Language Training
266973666658647,Stopover Travel
154348744649773,DepartNYC
129714579708,Visit Central New York
45074023500,NEW YORK
108424279189115,New York New York
150726624473,NEW YORK
338722822091,New York City Travel
151794278190601,Travel
120624356334,Travel Another India
352155626910,Way Philippines
45099769719,Travel Oregon
15672033850,Travel Channel
158150344210154,Take Me To Travel
77206255108,I love to travel!
417021215171668,Triplived: Travel Diary
60316618051,Travel
45053916030,Travel
109592195726412,Travel
110534865635330,Traveling
138647886207883,Heavenly Holland
25440929072,Travel + Leisure
24253428991,National Geographic Travel
23480236447,Okemo Mountain Resort
103118119727850,Marines
119628288098941,Corina Elgart Fan Page (Official)
18543728314,Busch Gardens Williamsburg
70041190740,Jennifer 8. Lee
134493706634418,Bronx Documentary Center
83761435519,Saul Hansell
147273911982408,Citibank US
100602340007086,David Corn
140162739346559,Isabel Wilkerson
142474049098533,Robert Reich
98658495398,Talking Points Memo
598356233569407,AM Joy on MSNBC
9124187907,U.S. Senator Bernie Sanders
114945745226947,The Last Word With Lawrence O'Donnell
114528955231791,Bill Moyers
146089950343,The Shreveport Times
146984572566,GeraldMBoydMyTimes
38508744012,Museum of the Moving Image
294113087443680,Thrillist Entertainment
55290780338,Time Out New York
183829085147993,Flavorpill
224773690470,Jeremiah's Vanishing New York
14516439825,New York Magazine
13927915491,Gothamist
1460653517503598,Purple Carrot
47569381734,McNally Jackson Books
156195014444203,Lin-Manuel Miranda
39075508091,Museum at FIT
272168059517312,Chinati Foundation
253591661347566,Pinterest
20957710121,The High Line
50165436461,Contemporary Arts Center
107741842586621,London Sessions
1378177609157390,Pat McGrath
26503416939,LANVIN
20766262306,Jo Malone London
65907876468,Vera Wang
90753064075,Council of Fashion Designers of America (CFDA)
17542112455,NEIL BARRETT
22241698456,CoSTUME NATIONAL
7204523707,Brooklyn Museum
13590051972,Jeff Koons
20959866432,Whitney Museum of American Art
10572623775,Hammer Museum
7722689875,Oscar de la Renta
316698395087275,Carolina Herrera
293828327300457,Christian Lacroix
409724172486718,Dries Van Noten
10109514234,CHANEL
128450347241247,BALENCIAGA
164637176974573,Prada
1591242857796309,Austin Meyer
276582955873230,Nick Bilton
525911357513470,A Path Appears
1430063890555064,Craig Melvin
1413858742171052,Melinda Gates
262444655369,Christiane Amanpour
112791451329,Fareed Zakaria
180620208729803,Half The Sky Movement: The Game
165460226798426,Longreads
34348350528,Pulitzer Center on Crisis Reporting
20778076336,This American Life
17893008278,Arianna Huffington
29057838653,Nieman Journalism Lab
13320939444,ProPublica
38423635680,Andy Borowitz
29259828486,The Atlantic
190076114410210,Show of Force: Social Good
69995881826,Protecting Journalists
20950654496,The Onion
117213655674251,Doug Baxter
936699126457536,Supper Club
969328293142127,A.V. Film Club
559192904227890,Onion Politics
917440214962126,A.V. Newswire
20531316728,Facebook
368257363210758,Onion Labs
1439042583002670,ClickHole
299551873524339,Brad's Awesome Team
183888964961044,Onion Sports
39581755672,The A.V. Club
109790298861,The Onion Store
411063055939696,PatriotHole
42646166995,Music Box Theatre
276102415796074,The Gameological Society
562288220593130,A.V. TV Club
1069936086365702,Fusion
899482440144146,Onion Productions
152917571386966,Facebook Analog Research Laboratory
486807888134241,Lifestyle on Facebook
74100576336,Facebook Business
390332947672289,Community Voices from Facebook
158736497491762,Onavo
367152833370567,Instagram
41130665917,Nonprofits on Facebook
143483439014410,Universities on Facebook
150984694912422,Influencers on Facebook
10435416547,Music on Facebook
125713384123802,Facebook and Privacy
125463277610910,Quaker State
181139617658,Moe's Southwest Grill
25730596490,Scotts Lawn Care
107292852631016,Levinson Locations
626344864088651,Review
171613709519219,Atelier Crenn
138433099531426,Tú Lan
46345513482,Earhole Studios
84763399274,LendingTree
143743819137192,Fargo
1438390789784819,YUP
209428082411028,El Ideas
180715575463664,Jim's Original
246088980886,RumChata
7990899756,truTV
7236260177,TiVo
54145863002,OtterBox
105868097300,Jack Daniel's Tennessee Whiskey
19557566476,IFC
5642244660,Jim Gaffigan
321682048036990,The Jim Gaffigan Show
167658763270506,Frito-Lay
45002877992,FOX
506386699400611,Fiat
412302902150250,Dairy Good
6096369029,Comedy Central
271902080532,Clorox
14101740225,CDW Corporation
74296272587,Cheetos
156518261115293,Fairlife
608604699274008,WITHIN
51657563086,PAX
39005545661,Whitehouse Post
22764423720,Search Engine Journal
7177913734,Reddit
8310601338,Coors Light
7270241753,YouTube
22166130048,Ford Motor Company
129116587024,PRWeek
27678194634,Lenovo
322751224414232,Redd's Apple Ale
34145704527,Threadless
6007352619,New Belgium Brewing
383388851123,The First Years
126756847074,Adweek
10461186460,Ben & Jerry's
145271360491,Chicago International Film Festival
205371536152782,Droga5
238205562866018,BuzzFeed Partner
194053120879,Advertising Age
146766568694599,Wieden+Kennedy
24860070976,Constant Contact
1088846181131521,Heineken
120167766006,FanDuel
26376118037,Tito's Handmade Vodka
182742245082814,Four Loko
184980658288116,Beautyrest
209439910667,5-Hour Energy
159615015923,NoiseFloor LTD.
213639758781,DiGiorno
55330643140,Denny's
158752840999708,Get Covered Illinois
8625520535,Overstock
47738073741,Phantogram
8103318119,Target
27486451851,Chobani
288473261199516,Tim Heidecker
235706558591,blu
7144906559,KFC
229953860348112,Schick Xtreme3
205867202331,Lemonhead
196962083762082,Ben & Jerry's
22707976849,Intel
149925701704512,Danny Trejo
108527589171043,Ketchup
344945368958439,Reese Witherspoon
142318649136676,Jeremy Renner
21411215352,Sublime
429762540505399,Here's to you
89562268312,Vin Diesel
1420531521507238,The American President
498110930201359,Fastball
374111189271559,Andrew Luck
161046697289702,Antonio Brown
213911638716638,Larry Fitzgerald
121481837925275,Matt Forte
284300559123,Miami Heat
257372997608848,Chris Bosh
79979913992,Dwyane Wade
64637653943,LeBron James
110811238947525,United States Of America
148810881835382,Alex Reiser
183359918346087,Mark Shepard
398131566864453,Beyond the Marquee
255364922374,Comic-Con International
64075251007,Cameron Esposito
475108665872221,Rhea Butcher
57802365742,HitFix on UPROXX
162454007121996,Instagram
116548701336,UPROXX
191590407552375,Flock of Dimes
335102103242405,Wet
22211200611,The Second City
197311240419563,Late Night with Seth Meyers
140859252640484,Sharon Van Etten
665814993476244,Run The Jewels
425435420806576,Angel Olsen
10513336322,The Guardian
301768729858252,Mac DeMarco
119252028163238,Protomartyr
295074610512693,Aerial Ballet Records
114286765252202,STUDIOCANAL
7433207084,P.O.S
11251675980,VHS OR BETA
442820962412810,The Newsroom
57672450150,Firefly
123031417774466,Girls
7034617962,Lucero
6275848869,Netflix
6979332244,Radiohead
21872489496,Modest Mouse
15526475270,Dexter
22476490672,Daft Punk
30975687682,The Smiths
9588466619,Futurama
52012253855,Delocated
6092929747,The Office
7807422276,How I Met Your Mother
29534858696,The Simpsons
10473091455,It's Always Sunny in Philadelphia
18957981609,American Dad
262102492125,Cloud Nothings
207203639334660,Paradise Lost 3: Purgatory
74133697733,Game of Thrones
23415556776,The Hold Steady
68240789745,The Walkmen
17314008126,the Mountain Goats
209758011306,Office Of Future Plans
105719356904,Dessa
132845190077946,The Roots
5229624654,The Decemberists
107777555911981,Kanye West
15925638948,IMDb
20092504125,Tom Waits
11955325695,Bob Dylan
30899502664,David Bowie
39644305296,Fight Club
10671482654,Patton Oswalt
7976226799,The Daily Show
21931600316,Neil Young
24709128407,Fleet Foxes
18279403944,Beastie Boys
14591271531,Beck
22939707441,PIXIES
5151709484,The Clash
6243987495,Spotify
125938460770575,Boardwalk Empire
473374319361548,Official Motörhead
122367057790637,Little Scream
170128313073004,The Stone Roses
11539801009,The National
64386671720,Kenny Powers of Eastbound & Down
10045457582,Smallville
9023924452,Seinfeld
63235852597,Parks and Recreation
181143148594254,Melancholia
75889690752,Wham!
117385731241,Peter Wolf Crier
40039128105,Mannequin Men
43542925935,Matthew Sweet
198200580226823,Wugazi
7774036261,Anthony Bourdain: No Reservations
6708787004,South Park
114098901934106,Electric Six
8526405673,The Twilight Saga
104096819626010,Superchunk
8759772983,R.E.M.
239388882769452,Mindy Kaling
121241604618898,Enlightened
109856449086768,Buffy The Vampire Slayer
6985532230,Ben Folds
43413980024,Terry Pratchett
105657322802566,Primus
8606723411,The Doors
29112278285,Scrubs
110475388978628,The Walking Dead
7594249100,Suzanne Vega
245805692122708,Officially John Lithgow
40027521936,NCIS
212856152066337,Hell On Wheels
195933960454570,Wonder Showzen
23317869104,Chuck
109901125741792,Craig Thompson graphic novelist
64294390660,St. Vincent
257972797573599,Chronicle
32087397772,Childrens Hospital
6798562721,Breaking Bad
76613428183,Community
7882688577,Bizarre Foods
7218745779,Fall Out Boy
8128837281,Lupe Fiasco
304367905023,Patrick Stump
103123839728353,Memphis Tennessee
109367202416421,Mystery Train
10099470953,Jim Jarmusch
383897895041,The White Stripes
8107307318,Polyvinyl Record Company
25796438685,of Montreal
102666876445950,Bob's Burgers
111706375512029,Kristen Schaal
109564299069448,Bubble Boy
428935637123395,The Graduate
106147419416997,The Graduate
107898785905401,Wayne's World
13960261187,Dustin Hoffman
81619266009,Discover Los Angeles
110970792260960,Los Angeles California
18554375953,Toto
78355368374,Sub Pop Records
130734266994355,The Human League
27884559729,* Rocky Votolato
39092603429,matt pond PA
298021908499,Belle and Sebastian
55685593658,Telekinesis
88476979019,Merge Records
105699609464054,Telekinesis (band)
108163935878557,Wye Oak
14168304109,Wye Oak
140731500326,Mad Men
5991693871,The Wire
30566281895,Lost
10655752394,They Might Be Giants
139375155037,Severin Films
8290410420,Wilco
8838241270,The Low Anthem
108291515890437,Dum Dum Girls
12429835443,LCD Soundsystem
6672671107,Anticon
206759555779,Baths
23230588990,Eric Bachmann
170928575215,Transistor Chicago
140511506008,Hang Up and Listen
65766238628,Found Footage Festival
34326799499,Hot Doug's
